Model,Train Accuracy,Test Accuracy,Train Precision,Test Precision,Train Recall,Test Recall,Train F1-Score,Test F1-Score,Train ROC-AUC,Test ROC-AUC
Gradient Boosting,0.9364795144157815,0.9227967953386744,0.7679576299238663,0.689119170984456,0.625,0.5732758620689655,0.6891430268825189,0.6258823529411764,0.9636699935178239,0.9545194496202651
Decision Tree,0.9351745068285281,0.91442097596504,0.7631930527722111,0.6521145975443383,0.6155711206896551,0.5150862068965517,0.6814792722934685,0.5755568934376881,0.9648801357645106,0.8922114545497429
Random Forest,0.9544461305007588,0.9174556931294003,0.9381688466111772,0.7214285714285714,0.6376616379310345,0.4353448275862069,0.7592622293504411,0.543010752688172,0.9815950594083985,0.9503035225718195
Logistic Regression,0.9100758725341427,0.9161204175770818,0.6601111586147926,0.7082601054481547,0.41594827586206895,0.43426724137931033,0.5103288712609486,0.5384101536406145,0.934716908248241,0.9424596973913865
